1478075402561448, 14400, nilfs2
1478075402569606, 14640, nilfs2
1478075402607188, 14864, nilfs2
1478075402624221, 14976, nilfs2
1478075402631097, 15224, nilfs2
1478075402673934, 15448, nilfs2
1478075402697593, 15560, nilfs2
1478075402704433, 15816, nilfs2
1478075402748276, 16040, nilfs2
1478075402763155, 16160, nilfs2
1478075402763170, 16384, nilfs2
1478075402770423, 16424, nilfs2
1478075402770982, 399992, nilfs2
1478075402857863, 16656, nilfs2
1478075402892303, 16768, nilfs2
1478075402914400, 17016, nilfs2
1478075402965619, 17240, nilfs2
1478075403022376, 17352, nilfs2
1478075403030761, 17728, nilfs2
1478075403059193, 18088, nilfs2
1478075403071079, 18208, nilfs2
1478075403079668, 18584, nilfs2
1478075403107507, 18936, nilfs2
1478075403118575, 19048, nilfs2
1478075403126646, 19424, nilfs2
1478075403170557, 19784, nilfs2
1478075403207809, 19904, nilfs2
1478075403215324, 20280, nilfs2
1478075403256583, 20632, nilfs2
1478075403276420, 20744, nilfs2
1478075403286124, 21120, nilfs2
1478075403355194, 21480, nilfs2
1478075403367328, 21600, nilfs2
1478075403376321, 21976, nilfs2
1478075403410941, 22328, nilfs2
1478075403451204, 22448, nilfs2
1478075403489671, 23088, nilfs2
1478075403547168, 23704, nilfs2
1478075403574861, 23816, nilfs2
1478075403590345, 24456, nilfs2
1478075403644996, 25072, nilfs2
1478075403659373, 25184, nilfs2
1478075403671769, 25824, nilfs2
1478075403724578, 26440, nilfs2
1478075403760360, 26552, nilfs2
1478075403788391, 27192, nilfs2
1478075403845401, 27808, nilfs2
1478075403857965, 27920, nilfs2
1478075403870682, 28560, nilfs2
1478075403913880, 29176, nilfs2
1478075403943556, 29288, nilfs2
1478075403965096, 29928, nilfs2
1478075404012539, 30544, nilfs2
1478075404024850, 30656, nilfs2
1478075404038171, 31296, nilfs2
1478075404078775, 31912, nilfs2
1478075404104901, 32032, nilfs2
1478075404105360, 32768, nilfs2
1478075404132025, 33192, nilfs2
1478075404194795, 34328, nilfs2
1478075404212042, 34448, nilfs2
1478075404230932, 35608, nilfs2
1478075404274792, 36744, nilfs2
1478075404290685, 36872, nilfs2
1478075404320150, 38024, nilfs2
1478075404364050, 39160, nilfs2
1478075404407085, 39280, nilfs2
1478075404424899, 40432, nilfs2
1478075404466285, 41568, nilfs2
1478075404565274, 41688, nilfs2
1478075404588052, 42840, nilfs2
1478075404629712, 43976, nilfs2
1478075404654673, 44096, nilfs2
1478075404674108, 45248, nilfs2
1478075404722769, 46384, nilfs2
1478075404768653, 46504, nilfs2
1478075404796016, 47656, nilfs2
1478075404842905, 48792, nilfs2
1478075404883811, 48912, nilfs2
1478075404884607, 49152, nilfs2
1478075404908734, 50072, nilfs2
1478075404961395, 51208, nilfs2
1478075404961614, 399992, nilfs2
1478075404977543, 51328, nilfs2
1478075404977609, 53376, nilfs2
1478075405041361, 53528, nilfs2
1478075405041429, 55576, nilfs2
1478075405105781, 55720, nilfs2
1478075405123390, 55848, nilfs2
1478075405123439, 57896, nilfs2
1478075405156899, 58048, nilfs2
1478075405156945, 60096, nilfs2
1478075405210643, 60240, nilfs2
1478075405261805, 60376, nilfs2
1478075405261856, 62424, nilfs2
1478075405298946, 62584, nilfs2
1478075405298990, 64632, nilfs2
1478075405367422, 64776, nilfs2
1478075405404892, 64904, nilfs2
1478075405406026, 65536, nilfs2
1478075405443179, 67104, nilfs2
1478075405443231, 69152, nilfs2
1478075405505106, 69296, nilfs2
1478075405526919, 69424, nilfs2
1478075405526983, 71472, nilfs2
1478075405574426, 71624, nilfs2
1478075405575567, 73672, nilfs2
1478075405652297, 73816, nilfs2
1478075405673301, 73944, nilfs2
1478075405674103, 75992, nilfs2
1478075405707508, 76144, nilfs2
1478075405708595, 78192, nilfs2
1478075405757434, 78336, nilfs2
1478075405776085, 78464, nilfs2
1478075405776587, 80512, nilfs2
1478075405809456, 80664, nilfs2
1478075405810617, 81920, nilfs2
1478075405869738, 82856, nilfs2
1478075405869943, 399992, nilfs2
1478075405925642, 82984, nilfs2
1478075405926219, 85032, nilfs2
1478075405962389, 85184, nilfs2
1478075405963390, 87232, nilfs2
1478075406011288, 87376, nilfs2
1478075406038459, 87504, nilfs2
1478075406039163, 89552, nilfs2
1478075406073452, 89704, nilfs2
1478075406074126, 91752, nilfs2
1478075406126750, 91896, nilfs2
1478075406160795, 92024, nilfs2
1478075406162041, 94072, nilfs2
1478075406163439, 96120, nilfs2
1478075406270518, 96304, nilfs2
1478075406277308, 98304, nilfs2
1478075406278083, 100352, nilfs2
1478075406358503, 100600, nilfs2
1478075406381407, 100752, nilfs2
1478075406382123, 102800, nilfs2
1478075406383021, 104848, nilfs2
1478075406449079, 105048, nilfs2
1478075406449622, 107096, nilfs2
1478075406450124, 109144, nilfs2
1478075406535663, 109352, nilfs2
1478075406570860, 109520, nilfs2
1478075406572606, 111568, nilfs2
1478075406573222, 113616, nilfs2
1478075406633431, 113808, nilfs2
1478075406636776, 114688, nilfs2
1478075406637466, 116736, nilfs2
1478075406712909, 118104, nilfs2
1478075406713209, 399992, nilfs2
1478075406781932, 118256, nilfs2
1478075406783055, 120304, nilfs2
1478075406783583, 122352, nilfs2
1478075406845992, 122544, nilfs2
1478075406846657, 124592, nilfs2
1478075406847165, 126640, nilfs2
1478075406947956, 126840, nilfs2
1478075406984851, 126992, nilfs2
1478075406986186, 129040, nilfs2
1478075406986927, 131072, nilfs2
1478075407049232, 131288, nilfs2
1478075407049269, 133336, nilfs2
1478075407049287, 135384, nilfs2
1478075407147510, 135584, nilfs2
1478075407147667, 399992, nilfs2
1478075407172958, 135736, nilfs2
1478075407173684, 137784, nilfs2
1478075407174454, 139832, nilfs2
1478075407237746, 140024, nilfs2
1478075407238422, 142072, nilfs2
1478075407238451, 144120, nilfs2
1478075407318699, 144320, nilfs2
1478075407339943, 144472, nilfs2
1478075407340673, 146520, nilfs2
1478075407342240, 147456, nilfs2
1478075407406177, 148768, nilfs2
1478075407406257, 150816, nilfs2
1478075407406284, 152864, nilfs2
1478075407492228, 153072, nilfs2
1478075407533010, 153224, nilfs2
1478075407534867, 155272, nilfs2
1478075407535422, 157320, nilfs2
1478075407599091, 157504, nilfs2
1478075407599135, 159552, nilfs2
1478075407599157, 161600, nilfs2
1478075407677039, 161792, nilfs2
1478075407706114, 161936, nilfs2
1478075407708411, 163840, nilfs2
1478075407708625, 165888, nilfs2
1478075407773736, 166216, nilfs2
1478075407773962, 168264, nilfs2
1478075407774004, 170312, nilfs2
1478075407876613, 170504, nilfs2
1478075407876854, 399992, nilfs2
1478075407913119, 170648, nilfs2
1478075407913448, 172696, nilfs2
1478075407913475, 174744, nilfs2
1478075407980571, 174928, nilfs2
1478075407980620, 176976, nilfs2
1478075407980643, 179024, nilfs2
1478075408073861, 179216, nilfs2
1478075408106034, 179360, nilfs2
1478075408112954, 180224, nilfs2
1478075408113011, 182272, nilfs2
1478075408113039, 184320, nilfs2
1478075408113062, 186368, nilfs2
1478075408239251, 187816, nilfs2
1478075408240029, 189864, nilfs2
1478075408241878, 191912, nilfs2
1478075408242787, 193960, nilfs2
1478075408243352, 196008, nilfs2
1478075408372627, 196312, nilfs2
1478075408401076, 196488, nilfs2
1478075408407740, 196608, nilfs2
1478075408407799, 198656, nilfs2
1478075408407826, 200704, nilfs2
1478075408407853, 202752, nilfs2
1478075408407875, 204800, nilfs2
1478075408528953, 204944, nilfs2
1478075408529004, 206992, nilfs2
1478075408529032, 209040, nilfs2
1478075408529057, 211088, nilfs2
1478075408529484, 212992, nilfs2
1478075408656655, 213432, nilfs2
1478075408656887, 399992, nilfs2
