1478075528005456, 182078, ext4
1478075528005457, 182080, ext4
1478075528005457, 182082, ext4
1478075528005458, 182084, ext4
1478075528005506, 182086, ext4
1478075528005524, 28690224, ext4
1478075528005757, 21274968, ext4
1478075528005760, 21274976, ext4
1478075528005900, 21274984, ext4
1478075528009097, 28690240, ext4
1478075528009274, 21274992, ext4
1478075528009277, 21275000, ext4
1478075528009411, 21275008, ext4
1478075528012358, 12605880, ext4
1478075528012392, 2, ext4
1478075528012394, 4, ext4
1478075528012396, 520, ext4
1478075528012398, 550, ext4
1478075528012399, 582, ext4
1478075528012400, 584, ext4
1478075528012402, 8582, ext4
1478075528012579, 28786688, ext4
1478075528012584, 28787208, ext4
1478075528012586, 28787232, ext4
1478075528012589, 28787264, ext4
1478075528012592, 28795264, ext4
1478075528017101, 21275016, ext4
1478075528017110, 21275024, ext4
1478075528017364, 21275032, ext4
1478075528022884, 12605880, ext4
1478075528025617, 182088, ext4
1478075528025624, 182090, ext4
1478075528025625, 182092, ext4
1478075528025626, 182094, ext4
1478075528025627, 182096, ext4
1478075528025627, 182098, ext4
1478075528025629, 182100, ext4
1478075528025678, 182102, ext4
1478075528025699, 28690248, ext4
1478075528025958, 21275040, ext4
1478075528025963, 21275048, ext4
1478075528026147, 21275056, ext4
1478075528029638, 28690256, ext4
1478075528029877, 21275064, ext4
1478075528029881, 21275072, ext4
1478075528030042, 21275080, ext4
1478075528036694, 20482, ext4
1478075528036925, 22530, ext4
1478075528039458, 182104, ext4
1478075528039461, 182106, ext4
1478075528039461, 182108, ext4
1478075528039462, 182110, ext4
1478075528039482, 182112, ext4
1478075528039637, 28643328, ext4
1478075528039752, 28645376, ext4
1478075528039758, 28647424, ext4
1478075528039760, 28690264, ext4
1478075528043132, 21275088, ext4
1478075528043139, 21275096, ext4
1478075528043374, 21275104, ext4
1478075528116875, 28690272, ext4
1478075528117125, 21275112, ext4
1478075528117130, 21275120, ext4
1478075528117931, 21275128, ext4
1478075528122644, 20482, ext4
1478075528122782, 22530, ext4
1478075528124409, 28643328, ext4
1478075528124538, 28645376, ext4
1478075528124545, 28647424, ext4
1478075528168471, 21275136, ext4
1478075528168479, 21275144, ext4
1478075528168752, 21275152, ext4
1478075528243490, 12605880, ext4
1478075528245542, 182114, ext4
1478075528245546, 182116, ext4
1478075528245547, 182118, ext4
1478075528245547, 182120, ext4
1478075528245548, 182122, ext4
1478075528245549, 182124, ext4
1478075528245549, 182126, ext4
1478075528245549, 182128, ext4
1478075528245602, 182130, ext4
1478075528245620, 28690272, ext4
1478075528245877, 21275160, ext4
1478075528245882, 21275168, ext4
1478075528246028, 21275176, ext4
1478075528249557, 28690288, ext4
1478075528249779, 21275184, ext4
1478075528249783, 21275192, ext4
1478075528249945, 21275200, ext4
1478075528253556, 12605880, ext4
1478075528253591, 2, ext4
1478075528253593, 4, ext4
1478075528253595, 520, ext4
1478075528253596, 550, ext4
1478075528253598, 582, ext4
1478075528253599, 584, ext4
1478075528253601, 8582, ext4
1478075528255627, 28786688, ext4
1478075528255636, 28787208, ext4
1478075528255637, 28787232, ext4
1478075528255639, 28787264, ext4
1478075528255642, 28795264, ext4
1478075528257939, 21275208, ext4
1478075528257946, 21275216, ext4
1478075528258154, 21275224, ext4
1478075528263104, 12605880, ext4
1478075528263542, 182132, ext4
1478075528263545, 182134, ext4
1478075528263545, 182136, ext4
1478075528263546, 182138, ext4
1478075528263546, 182140, ext4
1478075528263547, 182142, ext4
1478075528263547, 182144, ext4
1478075528263583, 182146, ext4
1478075528263598, 28690288, ext4
1478075528263784, 21275232, ext4
1478075528263788, 21275240, ext4
1478075528263950, 21275248, ext4
1478075528275170, 28690304, ext4
1478075528275417, 21275256, ext4
1478075528275421, 21275264, ext4
1478075528275584, 21275272, ext4
1478075528280771, 20482, ext4
1478075528280950, 22530, ext4
1478075528282580, 182148, ext4
1478075528282583, 182150, ext4
1478075528282583, 182152, ext4
1478075528282584, 182154, ext4
1478075528282610, 182156, ext4
1478075528282742, 28643328, ext4
1478075528282953, 28645376, ext4
1478075528282961, 28647424, ext4
1478075528282963, 28690304, ext4
1478075528286129, 21275280, ext4
1478075528286136, 21275288, ext4
1478075528286468, 21275296, ext4
1478075528361040, 28690312, ext4
1478075528361267, 21275304, ext4
1478075528361270, 21275312, ext4
1478075528361452, 21275320, ext4
1478075528366313, 20482, ext4
1478075528366477, 22530, ext4
1478075528368834, 28643328, ext4
1478075528368972, 28645376, ext4
1478075528368980, 28647424, ext4
1478075528370917, 21275328, ext4
1478075528370924, 21275336, ext4
1478075528371128, 21275344, ext4
1478075528446097, 12605880, ext4
1478075528448196, 182158, ext4
1478075528448200, 182160, ext4
1478075528448201, 182162, ext4
1478075528448201, 182164, ext4
1478075528448202, 182166, ext4
1478075528448202, 182168, ext4
1478075528448202, 182170, ext4
1478075528448203, 182172, ext4
1478075528448251, 182174, ext4
1478075528448268, 28690312, ext4
1478075528448453, 21275352, ext4
1478075528448456, 21275360, ext4
1478075528448662, 21275368, ext4
1478075528452619, 28690328, ext4
1478075528452909, 21275376, ext4
1478075528452912, 21275384, ext4
1478075528453113, 21275392, ext4
1478075528458366, 12605880, ext4
1478075528458428, 2, ext4
1478075528458433, 4, ext4
1478075528458436, 520, ext4
1478075528458438, 550, ext4
1478075528458441, 582, ext4
1478075528458443, 584, ext4
1478075528458445, 8582, ext4
1478075528458649, 28786688, ext4
1478075528458654, 28787208, ext4
1478075528458655, 28787232, ext4
1478075528458657, 28787264, ext4
1478075528458660, 28795264, ext4
1478075528461000, 21275400, ext4
1478075528461008, 21275408, ext4
1478075528461190, 21275416, ext4
1478075528466108, 12605880, ext4
1478075528466557, 182176, ext4
1478075528466561, 182178, ext4
1478075528466562, 182180, ext4
1478075528466563, 182182, ext4
1478075528466564, 182184, ext4
1478075528466565, 182186, ext4
1478075528466566, 182188, ext4
1478075528466674, 182190, ext4
1478075528466697, 28690336, ext4
1478075528467034, 21275424, ext4
1478075528467038, 21275432, ext4
1478075528467221, 21275440, ext4
1478075528470781, 28690344, ext4
1478075528471066, 21275448, ext4
1478075528471068, 21275456, ext4
1478075528471223, 21275464, ext4
1478075528476457, 20482, ext4
1478075528476634, 22530, ext4
1478075528479822, 182192, ext4
1478075528479827, 182194, ext4
1478075528479827, 182196, ext4
1478075528479828, 182198, ext4
1478075528479858, 182200, ext4
1478075528480001, 28643328, ext4
1478075528480150, 28645376, ext4
1478075528480157, 28647424, ext4
1478075528480159, 28690352, ext4
1478075528482440, 21275472, ext4
1478075528482448, 21275480, ext4
1478075528482685, 21275488, ext4
1478075528556881, 28690360, ext4
1478075528557123, 21275496, ext4
1478075528557126, 21275504, ext4
1478075528557276, 21275512, ext4
1478075528561611, 20482, ext4
1478075528561777, 22530, ext4
1478075528563548, 28643328, ext4
1478075528563668, 28645376, ext4
1478075528563675, 28647424, ext4
1478075528565879, 21275520, ext4
1478075528565887, 21275528, ext4
1478075528566091, 21275536, ext4
1478075528639715, 12605880, ext4
1478075528642220, 182202, ext4
1478075528642226, 182204, ext4
1478075528642227, 182206, ext4
1478075528642227, 182208, ext4
1478075528642228, 182210, ext4
1478075528642229, 182212, ext4
1478075528642230, 182214, ext4
1478075528642230, 182216, ext4
1478075528642278, 182218, ext4
1478075528642297, 28690360, ext4
1478075528642540, 21275544, ext4
1478075528642544, 21275552, ext4
1478075528642691, 21275560, ext4
1478075528646319, 28690376, ext4
1478075528646564, 21275568, ext4
1478075528646568, 21275576, ext4
1478075528646723, 21275584, ext4
1478075528652755, 12605880, ext4
1478075528652847, 2, ext4
1478075528652852, 4, ext4
1478075528652854, 520, ext4
1478075528652857, 550, ext4
1478075528652859, 582, ext4
1478075528652862, 584, ext4
1478075528652864, 8582, ext4
1478075528653072, 28786688, ext4
1478075528653075, 28787208, ext4
1478075528653077, 28787232, ext4
1478075528653080, 28787264, ext4
1478075528653082, 28795264, ext4
1478075528656720, 21275592, ext4
1478075528656727, 21275600, ext4
1478075528656978, 21275608, ext4
1478075528668278, 12605880, ext4
1478075528668963, 182220, ext4
1478075528668995, 182222, ext4
1478075528668999, 182224, ext4
1478075528669001, 182226, ext4
1478075528669007, 182228, ext4
1478075528669008, 182230, ext4
1478075528669010, 182232, ext4
1478075528669118, 182234, ext4
1478075528669155, 28690376, ext4
1478075528669560, 21275616, ext4
1478075528669565, 21275624, ext4
1478075528669733, 21275632, ext4
1478075528673919, 28690392, ext4
1478075528674556, 21275640, ext4
1478075528674561, 21275648, ext4
1478075528674747, 21275656, ext4
1478075528687693, 20482, ext4
1478075528687857, 22530, ext4
1478075528697002, 182236, ext4
1478075528697006, 182238, ext4
1478075528697007, 182240, ext4
1478075528697007, 182242, ext4
1478075528697042, 182244, ext4
1478075528697184, 28643328, ext4
1478075528697308, 28645376, ext4
1478075528697315, 28647424, ext4
1478075528697316, 28690392, ext4
1478075528700140, 21275664, ext4
1478075528700146, 21275672, ext4
1478075528700420, 21275680, ext4
1478075528780780, 28690400, ext4
1478075528781018, 21275688, ext4
1478075528781020, 21275696, ext4
1478075528781174, 21275704, ext4
1478075528786593, 20482, ext4
1478075528786741, 22530, ext4
1478075528788434, 28643328, ext4
1478075528788546, 28645376, ext4
1478075528788570, 28647424, ext4
1478075528791307, 21275712, ext4
1478075528791312, 21275720, ext4
1478075528791472, 21275728, ext4
1478075528867189, 12605880, ext4
1478075528870047, 182246, ext4
1478075528870051, 182248, ext4
1478075528870052, 182250, ext4
1478075528870052, 182252, ext4
1478075528870053, 182254, ext4
1478075528870053, 182256, ext4
1478075528870055, 182258, ext4
1478075528870055, 182260, ext4
1478075528870103, 182262, ext4
1478075528870120, 28690400, ext4
1478075528870304, 21275736, ext4
1478075528870307, 21275744, ext4
1478075528870590, 21275752, ext4
1478075528874740, 28690416, ext4
1478075528874985, 21275760, ext4
1478075528874988, 21275768, ext4
1478075528875138, 21275776, ext4
1478075528880020, 12605880, ext4
1478075528880062, 2, ext4
1478075528880064, 4, ext4
1478075528880066, 520, ext4
1478075528880068, 550, ext4
1478075528880069, 582, ext4
1478075528880071, 584, ext4
1478075528880073, 8582, ext4
1478075528880237, 28786688, ext4
1478075528880240, 28787208, ext4
1478075528880241, 28787232, ext4
1478075528880243, 28787264, ext4
1478075528880244, 28795264, ext4
1478075528885588, 21275784, ext4
1478075528885598, 21275792, ext4
1478075528885941, 21275800, ext4
1478075528894901, 12605880, ext4
1478075528895286, 182264, ext4
1478075528895290, 182266, ext4
1478075528895291, 182268, ext4
1478075528895291, 182270, ext4
1478075528895292, 182272, ext4
1478075528895293, 182274, ext4
1478075528895293, 182276, ext4
1478075528895366, 182278, ext4
1478075528895383, 28690424, ext4
1478075528895634, 21275808, ext4
1478075528895639, 21275816, ext4
1478075528895811, 21275824, ext4
1478075528899528, 28690432, ext4
1478075528899939, 21275832, ext4
1478075528899946, 21275840, ext4
1478075528900149, 21275848, ext4
1478075528908836, 20482, ext4
1478075528909011, 22530, ext4
1478075528909270, 24578, ext4
1478075528909430, 26626, ext4
1478075528912829, 182280, ext4
1478075528912832, 182282, ext4
1478075528912833, 182284, ext4
1478075528912833, 182286, ext4
1478075528912851, 182288, ext4
1478075528913006, 28643328, ext4
1478075528913121, 28645376, ext4
1478075528913285, 28647424, ext4
1478075528913404, 28649472, ext4
1478075528913411, 28651520, ext4
1478075528913414, 28690440, ext4
1478075529012810, 21275856, ext4
1478075529012816, 21275864, ext4
1478075529012817, 21275872, ext4
1478075529012817, 21275880, ext4
1478075529012817, 21275888, ext4
1478075529013010, 21275896, ext4
1478075529063972, 28690448, ext4
1478075529064255, 21275904, ext4
1478075529064259, 21275912, ext4
1478075529064419, 21275920, ext4
1478075529070995, 20482, ext4
1478075529071141, 22530, ext4
1478075529071291, 24578, ext4
1478075529071425, 26626, ext4
1478075529074498, 182290, ext4
1478075529074501, 182292, ext4
1478075529074513, 182294, ext4
1478075529074646, 28643328, ext4
1478075529074761, 28645376, ext4
1478075529074884, 28647424, ext4
1478075529074990, 28649472, ext4
1478075529074996, 28651520, ext4
1478075529074997, 28690448, ext4
1478075529173621, 21275928, ext4
1478075529173627, 21275936, ext4
1478075529173804, 21275944, ext4
1478075529236609, 28690448, ext4
1478075529236828, 21275952, ext4
1478075529236833, 21275960, ext4
1478075529236975, 21275968, ext4
1478075529240421, 8, ext4
1478075529240427, 12605880, ext4
1478075529240428, 12997184, ext4
1478075529240430, 25165928, ext4
1478075529242695, 182296, ext4
1478075529242699, 182298, ext4
1478075529242700, 182300, ext4
1478075529242700, 182302, ext4
1478075529242701, 182304, ext4
1478075529242702, 182306, ext4
1478075529242703, 182308, ext4
1478075529242703, 182310, ext4
1478075529242747, 182312, ext4
1478075529242764, 28690456, ext4
1478075529242970, 21275976, ext4
1478075529242973, 21275984, ext4
1478075529243089, 21275992, ext4
1478075529332023, 28690472, ext4
1478075529332323, 21276000, ext4
1478075529332329, 21276008, ext4
1478075529332577, 21276016, ext4
1478075529336697, 12605880, ext4
1478075529336738, 2, ext4
1478075529336740, 4, ext4
1478075529336741, 520, ext4
1478075529336743, 550, ext4
1478075529336744, 582, ext4
1478075529336746, 584, ext4
1478075529336747, 8582, ext4
1478075529336970, 28786688, ext4
1478075529336974, 28787208, ext4
1478075529336975, 28787232, ext4
1478075529336977, 28787264, ext4
1478075529336978, 28795264, ext4
1478075529339216, 21276024, ext4
1478075529339223, 21276032, ext4
1478075529339449, 21276040, ext4
1478075529347697, 12605880, ext4
1478075529348763, 182314, ext4
1478075529348769, 182316, ext4
1478075529348770, 182318, ext4
1478075529348771, 182320, ext4
1478075529348772, 182322, ext4
1478075529348773, 182324, ext4
1478075529348773, 182326, ext4
1478075529348828, 182328, ext4
1478075529348849, 28690472, ext4
1478075529349142, 21276048, ext4
1478075529349146, 21276056, ext4
1478075529349341, 21276064, ext4
1478075529357599, 28690488, ext4
1478075529357878, 21276072, ext4
1478075529357880, 21276080, ext4
1478075529358047, 21276088, ext4
1478075529360527, 180226, ext4
1478075529360566, 28688384, ext4
1478075529361148, 21276096, ext4
1478075529361154, 21276104, ext4
1478075529361348, 21276112, ext4
1478075529375076, 20482, ext4
1478075529375252, 22530, ext4
1478075529375516, 24578, ext4
1478075529376281, 26626, ext4
1478075529388097, 182330, ext4
1478075529388103, 182332, ext4
1478075529388104, 182334, ext4
1478075529388104, 182336, ext4
1478075529388139, 182338, ext4
1478075529388320, 28643328, ext4
1478075529388443, 28645376, ext4
1478075529388551, 28647424, ext4
1478075529388674, 28649472, ext4
1478075529388680, 28651520, ext4
1478075529388682, 28690488, ext4
1478075529489089, 21276120, ext4
1478075529489094, 21276128, ext4
1478075529489303, 21276136, ext4
1478075529540226, 28690496, ext4
1478075529540447, 21276144, ext4
1478075529540451, 21276152, ext4
1478075529540596, 21276160, ext4
1478075529545689, 20482, ext4
1478075529545860, 22530, ext4
1478075529546022, 24578, ext4
1478075529546204, 26626, ext4
1478075529549993, 28643328, ext4
1478075529550163, 28645376, ext4
1478075529550311, 28647424, ext4
1478075529550431, 28649472, ext4
1478075529550438, 28651520, ext4
1478075529647779, 21276168, ext4
1478075529647785, 21276176, ext4
1478075529647980, 21276184, ext4
1478075529700316, 12605880, ext4
1478075529702622, 182340, ext4
1478075529702627, 182342, ext4
1478075529702628, 182344, ext4
1478075529702628, 182346, ext4
1478075529702629, 182348, ext4
1478075529702629, 182350, ext4
1478075529702630, 182352, ext4
1478075529702630, 182354, ext4
1478075529735559, 21276192, ext4
1478075529735567, 21276200, ext4
1478075529735852, 21276208, ext4
1478075529735887, 182356, ext4
1478075529735918, 28690496, ext4
1478075529752589, 21276216, ext4
1478075529752596, 21276224, ext4
1478075529752827, 21276232, ext4
1478075529755335, 28690512, ext4
1478075529755598, 21276240, ext4
1478075529755601, 21276248, ext4
1478075529755777, 21276256, ext4
1478075529759083, 12605880, ext4
1478075529759123, 2, ext4
1478075529759125, 4, ext4
1478075529759127, 520, ext4
1478075529759129, 550, ext4
1478075529759130, 582, ext4
1478075529759132, 584, ext4
1478075529759133, 8582, ext4
1478075529759370, 28786688, ext4
1478075529759374, 28787208, ext4
1478075529759376, 28787232, ext4
1478075529759378, 28787264, ext4
1478075529759380, 28795264, ext4
1478075529787550, 21276264, ext4
1478075529787557, 21276272, ext4
1478075529787759, 21276280, ext4
1478075529792656, 12605880, ext4
1478075529793193, 182358, ext4
1478075529793196, 182360, ext4
1478075529793197, 182362, ext4
1478075529793197, 182364, ext4
1478075529793198, 182366, ext4
1478075529793198, 182368, ext4
1478075529793199, 182370, ext4
1478075529793235, 182372, ext4
1478075529793251, 28690512, ext4
1478075529793540, 21276288, ext4
1478075529793543, 21276296, ext4
1478075529793662, 21276304, ext4
1478075529797161, 28690528, ext4
1478075529797432, 21276312, ext4
1478075529797435, 21276320, ext4
1478075529797621, 21276328, ext4
1478075529805848, 20482, ext4
1478075529806058, 22530, ext4
1478075529806358, 24578, ext4
1478075529806563, 26626, ext4
1478075529809501, 182374, ext4
1478075529809503, 182376, ext4
1478075529809504, 182378, ext4
1478075529809504, 182380, ext4
1478075529809525, 182382, ext4
1478075529809662, 28643328, ext4
1478075529809778, 28645376, ext4
1478075529809883, 28647424, ext4
1478075529809993, 28649472, ext4
1478075529809998, 28651520, ext4
1478075529810000, 28690528, ext4
1478075529919809, 21276336, ext4
1478075529919815, 21276344, ext4
1478075529920040, 21276352, ext4
1478075529970514, 28690536, ext4
1478075529970749, 21276360, ext4
1478075529970752, 21276368, ext4
1478075529970911, 21276376, ext4
1478075529975868, 20482, ext4
1478075529976021, 22530, ext4
1478075529976157, 24578, ext4
1478075529976290, 26626, ext4
1478075529980715, 28643328, ext4
1478075529980909, 28645376, ext4
1478075529981063, 28647424, ext4
1478075529981217, 28649472, ext4
1478075529981227, 28651520, ext4
1478075530146448, 21276384, ext4
1478075530146458, 21276392, ext4
1478075530146738, 21276400, ext4
1478075530174846, 12605880, ext4
1478075530176914, 182384, ext4
1478075530176918, 182386, ext4
1478075530176918, 182388, ext4
1478075530176919, 182390, ext4
1478075530176919, 182392, ext4
1478075530176920, 182394, ext4
1478075530176920, 182396, ext4
1478075530176921, 182398, ext4
1478075530176979, 182400, ext4
1478075530177000, 28690544, ext4
1478075530177176, 21276408, ext4
1478075530177179, 21276416, ext4
1478075530177320, 21276424, ext4
1478075530180401, 28690560, ext4
1478075530180638, 21276432, ext4
1478075530180641, 21276440, ext4
1478075530180838, 21276448, ext4
1478075530184371, 12605880, ext4
1478075530184416, 2, ext4
1478075530184418, 4, ext4
1478075530184421, 520, ext4
1478075530184423, 550, ext4
1478075530184425, 582, ext4
1478075530184427, 584, ext4
1478075530184429, 8582, ext4
1478075530184561, 28786688, ext4
1478075530184563, 28787208, ext4
1478075530184565, 28787232, ext4
1478075530184566, 28787264, ext4
1478075530184568, 28795264, ext4
1478075530195075, 21276456, ext4
1478075530201757, 182402, ext4
1478075530201763, 182404, ext4
1478075530201764, 182406, ext4
1478075530201765, 182408, ext4
1478075530201766, 182410, ext4
1478075530201767, 182412, ext4
1478075530201768, 182414, ext4
1478075530201816, 182416, ext4
1478075530201833, 28690560, ext4
1478075530202155, 21276464, ext4
1478075530202162, 21276472, ext4
1478075530202338, 21276480, ext4
1478075530205341, 28690576, ext4
1478075530205632, 21276488, ext4
1478075530205635, 21276496, ext4
1478075530205818, 21276504, ext4
1478075530214272, 20482, ext4
1478075530214431, 22530, ext4
1478075530220357, 24578, ext4
1478075530220543, 26626, ext4
1478075530223631, 182418, ext4
1478075530223634, 182420, ext4
1478075530223635, 182422, ext4
1478075530223635, 182424, ext4
1478075530223657, 182426, ext4
1478075530223791, 28643328, ext4
1478075530223907, 28645376, ext4
1478075530224041, 28647424, ext4
1478075530224148, 28649472, ext4
1478075530224153, 28651520, ext4
1478075530224155, 28690576, ext4
1478075530339614, 21276512, ext4
1478075530339619, 21276520, ext4
1478075530339787, 21276528, ext4
1478075530443414, 28690584, ext4
1478075530443708, 21276536, ext4
1478075530443712, 21276544, ext4
1478075530443898, 21276552, ext4
1478075530449498, 20482, ext4
1478075530449648, 22530, ext4
1478075530449804, 24578, ext4
1478075530449936, 26626, ext4
1478075530453209, 28643328, ext4
1478075530453332, 28645376, ext4
1478075530453438, 28647424, ext4
1478075530453543, 28649472, ext4
1478075530453549, 28651520, ext4
1478075530551809, 21276560, ext4
1478075530551815, 21276568, ext4
1478075530552000, 21276576, ext4
1478075530609619, 12605880, ext4
1478075530613263, 182428, ext4
1478075530613268, 182430, ext4
1478075530613269, 182432, ext4
1478075530613270, 182434, ext4
1478075530613271, 182436, ext4
1478075530613272, 182438, ext4
1478075530613272, 182440, ext4
1478075530613273, 182442, ext4
1478075530633980, 182444, ext4
1478075530634007, 28690584, ext4
1478075530648154, 21276584, ext4
1478075530648163, 21276592, ext4
1478075530648415, 21276600, ext4
1478075530651355, 28690600, ext4
1478075530651623, 21276608, ext4
1478075530651626, 21276616, ext4
1478075530651763, 21276624, ext4
1478075530654635, 12605880, ext4
1478075530654667, 2, ext4
1478075530654669, 4, ext4
1478075530654671, 520, ext4
1478075530654673, 550, ext4
1478075530654674, 582, ext4
1478075530654675, 584, ext4
1478075530654677, 8582, ext4
1478075530654861, 28786688, ext4
1478075530654864, 28787208, ext4
1478075530654866, 28787232, ext4
1478075530654867, 28787264, ext4
1478075530654869, 28795264, ext4
1478075530683726, 21276632, ext4
1478075530683733, 21276640, ext4
1478075530684000, 21276648, ext4
1478075530688116, 12605880, ext4
1478075530688777, 182446, ext4
1478075530688787, 182448, ext4
1478075530688788, 182450, ext4
1478075530688789, 182452, ext4
1478075530688790, 182454, ext4
1478075530688791, 182456, ext4
1478075530688791, 182458, ext4
1478075530688852, 182460, ext4
1478075530688872, 28690600, ext4
1478075530689181, 21276656, ext4
1478075530689184, 21276664, ext4
1478075530689323, 21276672, ext4
1478075530694185, 28690616, ext4
1478075530694480, 21276680, ext4
1478075530694486, 21276688, ext4
1478075530694703, 21276696, ext4
1478075530702415, 20482, ext4
1478075530702700, 22530, ext4
1478075530703006, 24578, ext4
1478075530703159, 26626, ext4
1478075530706535, 182462, ext4
1478075530706541, 182464, ext4
1478075530706542, 182466, ext4
1478075530706543, 182468, ext4
1478075530706585, 182470, ext4
1478075530706736, 28643328, ext4
1478075530706859, 28645376, ext4
1478075530706993, 28647424, ext4
1478075530707103, 28649472, ext4
1478075530707109, 28651520, ext4
1478075530707111, 28690616, ext4
1478075530827423, 21276704, ext4
1478075530827432, 21276712, ext4
1478075530827662, 21276720, ext4
1478075530901633, 28690624, ext4
1478075530901873, 21276728, ext4
1478075530901877, 21276736, ext4
1478075530902026, 21276744, ext4
1478075530907412, 20482, ext4
1478075530907564, 22530, ext4
1478075530907724, 24578, ext4
1478075530907858, 26626, ext4
1478075530912204, 28643328, ext4
1478075530912324, 28645376, ext4
1478075530912429, 28647424, ext4
1478075530912534, 28649472, ext4
1478075530912539, 28651520, ext4
1478075531010203, 21276752, ext4
1478075531010211, 21276760, ext4
1478075531010568, 21276768, ext4
1478075531086461, 12605880, ext4
1478075531088900, 182472, ext4
1478075531088906, 182474, ext4
1478075531088907, 182476, ext4
1478075531088908, 182478, ext4
1478075531088909, 182480, ext4
1478075531088910, 182482, ext4
1478075531088911, 182484, ext4
1478075531088912, 182486, ext4
1478075531088979, 182488, ext4
1478075531089023, 28690632, ext4
1478075531090117, 21276776, ext4
1478075531090122, 21276784, ext4
1478075531090266, 21276792, ext4
1478075531093277, 28690648, ext4
1478075531093561, 21276800, ext4
1478075531093564, 21276808, ext4
1478075531093691, 21276816, ext4
1478075531097203, 12605880, ext4
1478075531097246, 2, ext4
1478075531097248, 4, ext4
1478075531097250, 520, ext4
1478075531097252, 550, ext4
1478075531097253, 582, ext4
1478075531097255, 584, ext4
1478075531097257, 8582, ext4
1478075531097554, 28786688, ext4
1478075531097558, 28787208, ext4
1478075531097560, 28787232, ext4
1478075531097562, 28787264, ext4
1478075531097563, 28795264, ext4
1478075531099816, 21276824, ext4
1478075531099820, 21276832, ext4
1478075531100069, 21276840, ext4
1478075531105235, 12605880, ext4
1478075531106440, 182490, ext4
1478075531106445, 182492, ext4
1478075531106445, 182494, ext4
1478075531106446, 182496, ext4
1478075531106446, 182498, ext4
1478075531106447, 182500, ext4
1478075531106447, 182502, ext4
1478075531107355, 182504, ext4
1478075531107384, 28690648, ext4
1478075531107629, 21276848, ext4
1478075531107633, 21276856, ext4
1478075531107821, 21276864, ext4
1478075531110832, 28690664, ext4
1478075531111733, 21276872, ext4
1478075531111772, 21276880, ext4
1478075531112078, 21276888, ext4
1478075531129240, 20482, ext4
1478075531129464, 22530, ext4
1478075531129916, 24578, ext4
1478075531130157, 26626, ext4
1478075531133606, 182506, ext4
1478075531133611, 182508, ext4
1478075531133611, 182510, ext4
1478075531133612, 182512, ext4
1478075531133634, 182514, ext4
1478075531133771, 28643328, ext4
1478075531133888, 28645376, ext4
1478075531133993, 28647424, ext4
1478075531134157, 28649472, ext4
1478075531134164, 28651520, ext4
1478075531134166, 28690664, ext4
1478075531257114, 21276896, ext4
1478075531257119, 21276904, ext4
1478075531257319, 21276912, ext4
1478075531283895, 28690672, ext4
1478075531284111, 21276920, ext4
1478075531284114, 21276928, ext4
1478075531284253, 21276936, ext4
1478075531289223, 20482, ext4
1478075531289392, 22530, ext4
1478075531289527, 24578, ext4
1478075531289657, 26626, ext4
1478075531293953, 28643328, ext4
1478075531294074, 28645376, ext4
1478075531294179, 28647424, ext4
1478075531294284, 28649472, ext4
1478075531294290, 28651520, ext4
1478075531394520, 21276944, ext4
1478075531394527, 21276952, ext4
1478075531394811, 21276960, ext4
1478075531506866, 12605880, ext4
1478075531509682, 182516, ext4
1478075531509688, 182518, ext4
1478075531509689, 182520, ext4
1478075531509690, 182522, ext4
1478075531509692, 182524, ext4
1478075531509693, 182526, ext4
1478075531509694, 182528, ext4
1478075531509695, 182530, ext4
1478075531519357, 182532, ext4
1478075531519381, 28690672, ext4
1478075531533777, 21276968, ext4
1478075531533783, 21276976, ext4
1478075531533991, 21276984, ext4
1478075531537084, 28690688, ext4
1478075531537330, 21276992, ext4
1478075531537335, 21277000, ext4
1478075531537639, 21277008, ext4
1478075531541110, 12605880, ext4
1478075531541167, 2, ext4
1478075531541170, 4, ext4
1478075531541174, 520, ext4
1478075531541177, 550, ext4
1478075531541180, 582, ext4
1478075531541182, 584, ext4
1478075531541184, 8582, ext4
1478075531541379, 28786688, ext4
1478075531541387, 28787208, ext4
1478075531541389, 28787232, ext4
1478075531541391, 28787264, ext4
1478075531541394, 28795264, ext4
1478075531569180, 21277016, ext4
1478075531575361, 182534, ext4
1478075531575366, 182536, ext4
1478075531575367, 182538, ext4
1478075531575367, 182540, ext4
1478075531575368, 182542, ext4
1478075531575368, 182544, ext4
1478075531575369, 182546, ext4
1478075531575441, 182548, ext4
1478075531575466, 28690688, ext4
1478075531575811, 21277024, ext4
1478075531575817, 21277032, ext4
1478075531576037, 21277040, ext4
1478075531580642, 28690704, ext4
1478075531580872, 21277048, ext4
1478075531580874, 21277056, ext4
1478075531581018, 21277064, ext4
1478075531588326, 20482, ext4
1478075531588509, 22530, ext4
1478075531588771, 24578, ext4
1478075531588935, 26626, ext4
1478075531593575, 182550, ext4
1478075531593580, 182552, ext4
1478075531593581, 182554, ext4
1478075531593581, 182556, ext4
1478075531593606, 182558, ext4
1478075531593749, 28643328, ext4
1478075531593867, 28645376, ext4
1478075531593993, 28647424, ext4
1478075531594099, 28649472, ext4
1478075531594105, 28651520, ext4
1478075531594107, 28690704, ext4
1478075531701714, 21277072, ext4
1478075531701719, 21277080, ext4
1478075531701877, 21277088, ext4
1478075531752857, 28690712, ext4
1478075531753154, 21277096, ext4
1478075531753158, 21277104, ext4
1478075531753316, 21277112, ext4
1478075531760536, 20482, ext4
1478075531760739, 22530, ext4
1478075531760973, 24578, ext4
1478075531761118, 26626, ext4
1478075531764864, 28643328, ext4
1478075531765002, 28645376, ext4
1478075531765110, 28647424, ext4
1478075531765216, 28649472, ext4
1478075531765221, 28651520, ext4
1478075531864887, 21277120, ext4
1478075531864894, 21277128, ext4
1478075531865082, 21277136, ext4
1478075531916008, 12605880, ext4
1478075531918697, 182560, ext4
1478075531918702, 182562, ext4
1478075531918703, 182564, ext4
1478075531918704, 182566, ext4
1478075531918704, 182568, ext4
1478075531918705, 182570, ext4
1478075531918706, 182572, ext4
1478075531918707, 182574, ext4
1478075531918766, 182576, ext4
1478075531918788, 28690720, ext4
1478075531919997, 21277144, ext4
1478075531920002, 21277152, ext4
1478075531920181, 21277160, ext4
1478075531923484, 28690736, ext4
1478075531923849, 21277168, ext4
1478075531923855, 21277176, ext4
1478075531924067, 21277184, ext4
1478075531928599, 12605880, ext4
1478075531928646, 2, ext4
1478075531928649, 4, ext4
1478075531928652, 520, ext4
1478075531928655, 550, ext4
1478075531928656, 582, ext4
1478075531928658, 584, ext4
1478075531928660, 8582, ext4
1478075531928835, 28786688, ext4
1478075531928838, 28787208, ext4
1478075531928840, 28787232, ext4
1478075531928841, 28787264, ext4
1478075531928843, 28795264, ext4
1478075531933211, 21277192, ext4
1478075531933218, 21277200, ext4
1478075531933460, 21277208, ext4
1478075531940647, 12605880, ext4
1478075531944963, 182578, ext4
1478075531944968, 182580, ext4
1478075531944969, 182582, ext4
1478075531944970, 182584, ext4
1478075531944970, 182586, ext4
1478075531944971, 182588, ext4
1478075531944971, 182590, ext4
1478075531945010, 182592, ext4
1478075531945027, 28690736, ext4
1478075531945327, 21277216, ext4
1478075531945331, 21277224, ext4
1478075531945588, 21277232, ext4
1478075531948635, 28690752, ext4
1478075531948839, 21277240, ext4
1478075531948843, 21277248, ext4
1478075531949028, 21277256, ext4
1478075531961010, 20482, ext4
1478075531961217, 22530, ext4
1478075531961566, 24578, ext4
1478075531961782, 26626, ext4
1478075531965040, 182594, ext4
1478075531965045, 182596, ext4
1478075531965045, 182598, ext4
1478075531965046, 182600, ext4
1478075531965067, 182602, ext4
1478075531965248, 28643328, ext4
1478075531965368, 28645376, ext4
1478075531965474, 28647424, ext4
1478075531965578, 28649472, ext4
1478075531965584, 28651520, ext4
1478075531965586, 28690752, ext4
1478075532078244, 21277264, ext4
1478075532078249, 21277272, ext4
1478075532078439, 21277280, ext4
1478075532128851, 28690760, ext4
1478075532129013, 21277288, ext4
1478075532129014, 21277296, ext4
1478075532129165, 21277304, ext4
1478075532134004, 20482, ext4
1478075532134170, 22530, ext4
1478075532134434, 24578, ext4
1478075532134572, 26626, ext4
1478075532137556, 182604, ext4
1478075532137558, 182606, ext4
1478075532137577, 182608, ext4
1478075532137731, 28643328, ext4
1478075532137847, 28645376, ext4
1478075532137952, 28647424, ext4
1478075532138057, 28649472, ext4
1478075532138063, 28651520, ext4
1478075532138064, 28690760, ext4
1478075532255610, 21277312, ext4
1478075532255621, 21277320, ext4
1478075532255976, 21277328, ext4
1478075532307211, 28690768, ext4
1478075532307497, 21277336, ext4
1478075532307501, 21277344, ext4
1478075532307752, 21277352, ext4
1478075532312178, 12605880, ext4
1478075532314687, 182610, ext4
1478075532314691, 182612, ext4
1478075532314692, 182614, ext4
1478075532314692, 182616, ext4
1478075532314694, 182618, ext4
1478075532314694, 182620, ext4
1478075532314695, 182622, ext4
1478075532314695, 182624, ext4
1478075532314743, 182626, ext4
1478075532314761, 28690768, ext4
1478075532314829, 21277360, ext4
1478075532314831, 21277368, ext4
1478075532314984, 21277376, ext4
1478075532322961, 28690784, ext4
1478075532323252, 21277384, ext4
1478075532323255, 21277392, ext4
1478075532324352, 21277400, ext4
1478075532333957, 12605880, ext4
1478075532334006, 2, ext4
1478075532334009, 4, ext4
1478075532334011, 520, ext4
1478075532334014, 550, ext4
1478075532334016, 582, ext4
1478075532334018, 584, ext4
1478075532334021, 8582, ext4
1478075532334226, 28786688, ext4
1478075532334229, 28787208, ext4
1478075532334231, 28787232, ext4
1478075532334233, 28787264, ext4
1478075532334234, 28795264, ext4
1478075532365614, 21277408, ext4
1478075532365620, 21277416, ext4
1478075532365903, 21277424, ext4
1478075532370228, 12605880, ext4
1478075532370501, 182628, ext4
1478075532370503, 182630, ext4
1478075532370504, 182632, ext4
1478075532370504, 182634, ext4
1478075532370504, 182636, ext4
1478075532370505, 182638, ext4
1478075532370505, 182640, ext4
1478075532370749, 182642, ext4
1478075532370770, 28690784, ext4
1478075532371028, 21277432, ext4
1478075532371033, 21277440, ext4
1478075532371439, 21277448, ext4
1478075532375186, 28690800, ext4
1478075532375610, 21277456, ext4
1478075532375614, 21277464, ext4
1478075532375816, 21277472, ext4
1478075532384881, 20482, ext4
1478075532385043, 22530, ext4
1478075532385325, 24578, ext4
1478075532385476, 26626, ext4
1478075532391984, 182644, ext4
1478075532391988, 182646, ext4
1478075532391989, 182648, ext4
1478075532391989, 182650, ext4
1478075532392045, 182652, ext4
1478075532392192, 28643328, ext4
1478075532392330, 28645376, ext4
1478075532392439, 28647424, ext4
1478075532392544, 28649472, ext4
1478075532392550, 28651520, ext4
1478075532392552, 28690800, ext4
1478075532509940, 21277480, ext4
1478075532509945, 21277488, ext4
1478075532510137, 21277496, ext4
1478075532578685, 28690808, ext4
1478075532578900, 21277504, ext4
1478075532578903, 21277512, ext4
1478075532579082, 21277520, ext4
1478075532584243, 20482, ext4
1478075532584414, 22530, ext4
1478075532584551, 24578, ext4
1478075532584683, 26626, ext4
1478075532588719, 28643328, ext4
1478075532588872, 28645376, ext4
1478075532588983, 28647424, ext4
1478075532589092, 28649472, ext4
1478075532589098, 28651520, ext4
1478075532688616, 21277528, ext4
1478075532688621, 21277536, ext4
1478075532688845, 21277544, ext4
1478075532740904, 12605880, ext4
1478075532743003, 182654, ext4
1478075532743007, 182656, ext4
1478075532743008, 182658, ext4
1478075532743008, 182660, ext4
1478075532743008, 182662, ext4
1478075532743009, 182664, ext4
1478075532743010, 182666, ext4
1478075532743011, 182668, ext4
1478075532743057, 182670, ext4
1478075532743073, 28690808, ext4
1478075532743124, 21277552, ext4
1478075532743125, 21277560, ext4
1478075532743420, 21277568, ext4
1478075532767282, 28690824, ext4
1478075532767549, 21277576, ext4
1478075532767553, 21277584, ext4
1478075532767726, 21277592, ext4
1478075532771528, 12605880, ext4
1478075532771598, 2, ext4
1478075532771603, 4, ext4
1478075532771606, 520, ext4
1478075532771608, 550, ext4
1478075532771610, 582, ext4
1478075532771613, 584, ext4
1478075532771616, 8582, ext4
1478075532771921, 28786688, ext4
1478075532771927, 28787208, ext4
1478075532771929, 28787232, ext4
1478075532771932, 28787264, ext4
1478075532771935, 28795264, ext4
1478075532776097, 21277600, ext4
1478075532776104, 21277608, ext4
1478075532776366, 21277616, ext4
1478075532781370, 12605880, ext4
1478075532782153, 182672, ext4
1478075532782159, 182674, ext4
1478075532782160, 182676, ext4
1478075532782161, 182678, ext4
1478075532782163, 182680, ext4
1478075532782164, 182682, ext4
1478075532782164, 182684, ext4
1478075532782218, 182686, ext4
1478075532782239, 28690832, ext4
1478075532782511, 21277624, ext4
1478075532782514, 21277632, ext4
1478075532782661, 21277640, ext4
1478075532786293, 28690840, ext4
1478075532786513, 21277648, ext4
1478075532786517, 21277656, ext4
1478075532786859, 21277664, ext4
1478075532798150, 20482, ext4
1478075532798314, 22530, ext4
1478075532798752, 24578, ext4
1478075532800627, 26626, ext4
1478075532804902, 182688, ext4
1478075532804907, 182690, ext4
1478075532804908, 182692, ext4
1478075532804908, 182694, ext4
1478075532804972, 182696, ext4
1478075532805165, 28643328, ext4
1478075532805339, 28645376, ext4
1478075532805527, 28647424, ext4
1478075532805656, 28649472, ext4
1478075532805663, 28651520, ext4
1478075532805665, 28690848, ext4
1478075532905908, 21277672, ext4
1478075532905913, 21277680, ext4
1478075532906230, 21277688, ext4
1478075532976786, 28690856, ext4
1478075532976974, 21277696, ext4
1478075532976976, 21277704, ext4
1478075532977321, 21277712, ext4
1478075532982724, 20482, ext4
1478075532982880, 22530, ext4
1478075532983017, 24578, ext4
1478075532983166, 26626, ext4
1478075532986581, 28643328, ext4
1478075532986883, 28645376, ext4
1478075532987186, 28647424, ext4
1478075532987414, 28649472, ext4
1478075532987441, 28651520, ext4
1478075533086732, 21277720, ext4
1478075533086738, 21277728, ext4
1478075533087002, 21277736, ext4
1478075533139059, 12605880, ext4
1478075533141119, 182698, ext4
1478075533141145, 182700, ext4
1478075533141147, 182702, ext4
1478075533141148, 182704, ext4
1478075533141149, 182706, ext4
1478075533141149, 182708, ext4
1478075533141150, 182710, ext4
1478075533141151, 182712, ext4
1478075533169730, 21277744, ext4
1478075533169742, 21277752, ext4
1478075533170197, 182714, ext4
1478075533170223, 28690856, ext4
1478075533170285, 21277760, ext4
1478075533187742, 21277768, ext4
1478075533187750, 21277776, ext4
1478075533188097, 21277784, ext4
1478075533190897, 28690872, ext4
1478075533191143, 21277792, ext4
1478075533191146, 21277800, ext4
1478075533191396, 21277808, ext4
1478075533195038, 12605880, ext4
1478075533195073, 2, ext4
1478075533195075, 4, ext4
1478075533195077, 520, ext4
1478075533195079, 550, ext4
1478075533195080, 582, ext4
1478075533195082, 584, ext4
1478075533195084, 8582, ext4
1478075533195294, 28786688, ext4
1478075533195298, 28787208, ext4
1478075533195300, 28787232, ext4
1478075533195301, 28787264, ext4
1478075533195303, 28795264, ext4
1478075533228807, 21277816, ext4
1478075533228814, 21277824, ext4
1478075533229056, 21277832, ext4
1478075533242322, 12605880, ext4
1478075533242978, 182716, ext4
1478075533242982, 182718, ext4
1478075533242983, 182720, ext4
1478075533242983, 182722, ext4
1478075533242984, 182724, ext4
1478075533242984, 182726, ext4
1478075533242985, 182728, ext4
1478075533243020, 182730, ext4
1478075533243036, 28690872, ext4
1478075533243209, 21277840, ext4
1478075533243212, 21277848, ext4
1478075533243378, 21277856, ext4
1478075533246057, 28690888, ext4
1478075533259916, 20482, ext4
1478075533260096, 22530, ext4
1478075533260358, 24578, ext4
1478075533260523, 26626, ext4
1478075533263518, 182732, ext4
1478075533263521, 182734, ext4
1478075533263522, 182736, ext4
1478075533263522, 182738, ext4
1478075533263545, 182740, ext4
1478075533263680, 28643328, ext4
1478075533263794, 28645376, ext4
1478075533263898, 28647424, ext4
1478075533264019, 28649472, ext4
1478075533264025, 28651520, ext4
1478075533264028, 28690888, ext4
1478075533373883, 21277864, ext4
1478075533373888, 21277872, ext4
1478075533374114, 21277880, ext4
1478075533425025, 28690896, ext4
1478075533425253, 21277888, ext4
1478075533425255, 21277896, ext4
1478075533425419, 21277904, ext4
1478075533431379, 20482, ext4
1478075533431544, 22530, ext4
1478075533431707, 24578, ext4
1478075533431843, 26626, ext4
1478075533435210, 28643328, ext4
1478075533435351, 28645376, ext4
1478075533435495, 28647424, ext4
1478075533435666, 28649472, ext4
1478075533435677, 28651520, ext4
1478075533536023, 21277912, ext4
1478075533536030, 21277920, ext4
1478075533536304, 21277928, ext4
1478075533631588, 12605880, ext4
1478075533633770, 182742, ext4
1478075533633775, 182744, ext4
1478075533633776, 182746, ext4
1478075533633777, 182748, ext4
1478075533633778, 182750, ext4
1478075533633778, 182752, ext4
1478075533633778, 182754, ext4
1478075533633779, 182756, ext4
1478075533633831, 182758, ext4
1478075533633850, 28690896, ext4
1478075533633922, 21277936, ext4
1478075533633925, 21277944, ext4
1478075533634208, 21277952, ext4
1478075533663295, 28690912, ext4
1478075533663514, 21277960, ext4
1478075533663517, 21277968, ext4
1478075533663681, 21277976, ext4
1478075533667121, 12605880, ext4
1478075533667187, 2, ext4
1478075533667190, 4, ext4
1478075533667194, 520, ext4
1478075533667197, 550, ext4
1478075533667199, 582, ext4
1478075533667202, 584, ext4
1478075533667204, 8582, ext4
1478075533667410, 28786688, ext4
1478075533667413, 28787208, ext4
1478075533667414, 28787232, ext4
1478075533667416, 28787264, ext4
1478075533667417, 28795264, ext4
1478075533671881, 21277984, ext4
1478075533671898, 21277992, ext4
1478075533672381, 21278000, ext4
1478075533676645, 12605880, ext4
1478075533676940, 182760, ext4
1478075533676942, 182762, ext4
1478075533676943, 182764, ext4
1478075533676943, 182766, ext4
1478075533676944, 182768, ext4
1478075533676944, 182770, ext4
1478075533676945, 182772, ext4
1478075533676975, 182774, ext4
1478075533676988, 28690920, ext4
1478075533677135, 21278008, ext4
1478075533677137, 21278016, ext4
1478075533677443, 21278024, ext4
1478075533680353, 28690928, ext4
1478075533680501, 21278032, ext4
1478075533680503, 21278040, ext4
1478075533680630, 21278048, ext4
1478075533698921, 20482, ext4
1478075533699102, 22530, ext4
1478075533699412, 24578, ext4
1478075533699574, 26626, ext4
1478075533699873, 28674, ext4
1478075533700032, 30722, ext4
1478075533700413, 32770, ext4
1478075533700599, 34818, ext4
1478075533724683, 182776, ext4
1478075533724688, 182778, ext4
1478075533724688, 182780, ext4
1478075533724689, 182782, ext4
1478075533724689, 182784, ext4
1478075533724721, 182786, ext4
1478075533724903, 28643328, ext4
1478075533725026, 28645376, ext4
1478075533725134, 28647424, ext4
1478075533725256, 28649472, ext4
1478075533725456, 28651520, ext4
1478075533725562, 28653568, ext4
1478075533725809, 27475968, ext4
1478075533725915, 27478016, ext4
1478075533725921, 27480064, ext4
1478075533725925, 28690936, ext4
1478075534032463, 21278056, ext4
1478075534032469, 21278064, ext4
1478075534032470, 21278072, ext4
1478075534032471, 21278080, ext4
1478075534032472, 21278088, ext4
1478075534032472, 21278096, ext4
1478075534032747, 21278104, ext4
1478075534082911, 28690944, ext4
1478075534083168, 21278112, ext4
1478075534083172, 21278120, ext4
1478075534083463, 21278128, ext4
1478075534092503, 20482, ext4
1478075534092669, 22530, ext4
1478075534092815, 24578, ext4
1478075534092971, 26626, ext4
1478075534093112, 28674, ext4
1478075534093248, 30722, ext4
1478075534093381, 32770, ext4
1478075534093532, 34818, ext4
1478075534099812, 182788, ext4
1478075534099816, 182790, ext4
1478075534099837, 182792, ext4
1478075534100027, 28643328, ext4
1478075534100156, 28645376, ext4
1478075534100281, 28647424, ext4
1478075534100446, 28649472, ext4
1478075534100579, 28651520, ext4
1478075534100703, 28653568, ext4
1478075534100851, 27475968, ext4
1478075534101025, 27478016, ext4
1478075534101033, 27480064, ext4
1478075534101035, 28690944, ext4
1478075534345965, 21278136, ext4
1478075534345970, 21278144, ext4
1478075534346166, 21278152, ext4
1478075534393574, 28690952, ext4
1478075534393786, 21278160, ext4
1478075534393789, 21278168, ext4
1478075534393990, 21278176, ext4
1478075534399193, 8, ext4
1478075534399201, 12605880, ext4
1478075534399203, 12997184, ext4
1478075534399204, 25165888, ext4
1478075534399205, 25165928, ext4
1478075534402901, 182794, ext4
1478075534402906, 182796, ext4
1478075534402906, 182798, ext4
1478075534402907, 182800, ext4
1478075534402907, 182802, ext4
1478075534402908, 182804, ext4
1478075534402908, 182806, ext4
1478075534402909, 182808, ext4
1478075534402909, 182810, ext4
1478075534421287, 182812, ext4
1478075534421317, 28690952, ext4
1478075534423940, 21278184, ext4
1478075534423947, 21278192, ext4
1478075534424375, 21278200, ext4
1478075534428101, 28690968, ext4
1478075534428298, 21278208, ext4
1478075534428300, 21278216, ext4
1478075534428479, 21278224, ext4
1478075534432051, 12605880, ext4
1478075534432116, 2, ext4
1478075534432120, 4, ext4
1478075534432122, 520, ext4
1478075534432123, 522, ext4
1478075534432126, 550, ext4
1478075534432128, 582, ext4
1478075534432130, 584, ext4
1478075534432132, 8582, ext4
1478075534432331, 28786688, ext4
1478075534432336, 28787208, ext4
1478075534432338, 28787232, ext4
1478075534432340, 28787264, ext4
1478075534432343, 28795264, ext4
1478075534469329, 21278232, ext4
1478075534469338, 21278240, ext4
1478075534469642, 21278248, ext4
1478075534473874, 12605880, ext4
1478075534474557, 182814, ext4
1478075534474560, 182816, ext4
1478075534474561, 182818, ext4
1478075534474562, 182820, ext4
1478075534474562, 182822, ext4
1478075534474563, 182824, ext4
1478075534474564, 182826, ext4
1478075534474600, 182828, ext4
1478075534474616, 28690968, ext4
1478075534474874, 21278256, ext4
1478075534474877, 21278264, ext4
1478075534475110, 21278272, ext4
1478075534480684, 28690984, ext4
1478075534480876, 21278280, ext4
1478075534480879, 21278288, ext4
1478075534481016, 21278296, ext4
1478075534494417, 32770, ext4
1478075534494622, 34818, ext4
1478075534494881, 36866, ext4
1478075534495056, 38914, ext4
1478075534495312, 40962, ext4
1478075534495460, 43010, ext4
1478075534495732, 45058, ext4
1478075534495877, 47106, ext4
1478075534520945, 182830, ext4
1478075534520949, 182832, ext4
1478075534520950, 182834, ext4
1478075534520951, 182836, ext4
1478075534520973, 182838, ext4
1478075534521161, 27475968, ext4
1478075534521281, 27478016, ext4
1478075534521562, 27480064, ext4
1478075534521693, 27482112, ext4
1478075534521798, 27484160, ext4
1478075534521903, 27486208, ext4
1478075534522006, 27488256, ext4
1478075534522137, 27490304, ext4
1478075534522148, 28819456, ext4
1478075534522150, 28690984, ext4
1478075534711332, 21278304, ext4
1478075534711337, 21278312, ext4
1478075534711339, 21278320, ext4
1478075534711339, 21278328, ext4
1478075534711339, 21278336, ext4
1478075534711548, 21278344, ext4
1478075534747810, 28690992, ext4
1478075534748097, 21278352, ext4
1478075534748101, 21278360, ext4
1478075534748348, 21278368, ext4
1478075534756654, 32770, ext4
1478075534756807, 34818, ext4
1478075534756947, 36866, ext4
1478075534757105, 38914, ext4
1478075534757244, 40962, ext4
1478075534757383, 43010, ext4
1478075534757538, 45058, ext4
1478075534757677, 47106, ext4
1478075534764498, 27475968, ext4
1478075534764651, 27478016, ext4
1478075534764804, 27480064, ext4
1478075534764963, 27482112, ext4
1478075534765164, 27484160, ext4
1478075534765320, 27486208, ext4
1478075534765452, 27488256, ext4
1478075534765645, 27490304, ext4
1478075534765659, 28819456, ext4
1478075534977314, 21278376, ext4
1478075534977319, 21278384, ext4
1478075534977515, 21278392, ext4
1478075535006803, 8, ext4
1478075535006810, 12605880, ext4
1478075535006811, 12997184, ext4
1478075535006813, 25165888, ext4
1478075535009096, 182840, ext4
1478075535009101, 182842, ext4
1478075535009102, 182844, ext4
1478075535009104, 182846, ext4
1478075535009104, 182848, ext4
1478075535009105, 182850, ext4
1478075535009106, 182852, ext4
1478075535009107, 182854, ext4
1478075535009153, 182856, ext4
1478075535009169, 28691000, ext4
1478075535061260, 21278400, ext4
1478075535061264, 21278408, ext4
1478075535061458, 21278416, ext4
1478075535080096, 28691016, ext4
1478075535080708, 21278424, ext4
1478075535080715, 21278432, ext4
1478075535080942, 21278440, ext4
1478075535090314, 12605880, ext4
1478075535090354, 2, ext4
1478075535090374, 4, ext4
1478075535090377, 522, ext4
1478075535090378, 550, ext4
1478075535090380, 582, ext4
1478075535090381, 584, ext4
1478075535090383, 8582, ext4
1478075535090564, 28786688, ext4
1478075535090566, 28787208, ext4
1478075535090567, 28787232, ext4
1478075535090569, 28787264, ext4
1478075535090570, 28795264, ext4
1478075535092665, 21278448, ext4
1478075535092671, 21278456, ext4
1478075535092910, 21278464, ext4
1478075535101575, 12605880, ext4
1478075535101936, 182858, ext4
1478075535101941, 182860, ext4
1478075535101941, 182862, ext4
1478075535101941, 182864, ext4
1478075535101942, 182866, ext4
1478075535101943, 182868, ext4
1478075535101943, 182870, ext4
1478075535102144, 182872, ext4
1478075535102161, 28691016, ext4
1478075535102423, 21278472, ext4
1478075535102426, 21278480, ext4
1478075535102661, 21278488, ext4
1478075535105568, 28691032, ext4
1478075535105737, 21278496, ext4
1478075535105738, 21278504, ext4
1478075535105902, 21278512, ext4
1478075535119111, 32770, ext4
1478075535119274, 34818, ext4
1478075535125114, 36866, ext4
1478075535125498, 38914, ext4
1478075535125784, 40962, ext4
1478075535125956, 43010, ext4
1478075535126227, 45058, ext4
1478075535126393, 47106, ext4
1478075535134043, 182874, ext4
1478075535134049, 182876, ext4
1478075535134050, 182878, ext4
1478075535134050, 182880, ext4
1478075535134079, 182882, ext4
1478075535134236, 27475968, ext4
1478075535134355, 27478016, ext4
1478075535134530, 27480064, ext4
1478075535134644, 27482112, ext4
1478075535134754, 27484160, ext4
1478075535134859, 27486208, ext4
1478075535134980, 27488256, ext4
1478075535135087, 27490304, ext4
1478075535135093, 28819456, ext4
1478075535135095, 28691032, ext4
1478075535375573, 21278520, ext4
1478075535375577, 21278528, ext4
1478075535375779, 21278536, ext4
1478075535422490, 28691040, ext4
1478075535422679, 21278544, ext4
1478075535422681, 21278552, ext4
1478075535422841, 21278560, ext4
1478075535431533, 32770, ext4
1478075535431745, 34818, ext4
1478075535431964, 36866, ext4
1478075535432103, 38914, ext4
1478075535432238, 40962, ext4
1478075535432370, 43010, ext4
1478075535432525, 45058, ext4
1478075535432659, 47106, ext4
1478075535439198, 27475968, ext4
1478075535439316, 27478016, ext4
1478075535439437, 27480064, ext4
1478075535439544, 27482112, ext4
1478075535439650, 27484160, ext4
1478075535439754, 27486208, ext4
1478075535439859, 27488256, ext4
1478075535439989, 27490304, ext4
1478075535439996, 28819456, ext4
1478075535630342, 21278568, ext4
1478075535630347, 21278576, ext4
1478075535630525, 21278584, ext4
1478075535659683, 12605880, ext4
1478075535662329, 182884, ext4
1478075535662334, 182886, ext4
1478075535662334, 182888, ext4
1478075535662335, 182890, ext4
1478075535662336, 182892, ext4
1478075535662337, 182894, ext4
1478075535662337, 182896, ext4
1478075535662338, 182898, ext4
1478075535710893, 182900, ext4
1478075535710926, 28691040, ext4
1478075535762963, 21278592, ext4
1478075535762969, 21278600, ext4
1478075535763181, 21278608, ext4
1478075535766159, 28691056, ext4
1478075535766487, 21278616, ext4
1478075535766491, 21278624, ext4
1478075535766652, 21278632, ext4
1478075535769713, 12605880, ext4
1478075535769746, 2, ext4
1478075535769748, 4, ext4
1478075535769750, 522, ext4
1478075535769751, 550, ext4
1478075535769753, 582, ext4
1478075535769755, 584, ext4
1478075535769756, 8582, ext4
1478075535770014, 28786688, ext4
1478075535770017, 28787208, ext4
1478075535770018, 28787232, ext4
1478075535770021, 28787264, ext4
1478075535770023, 28795264, ext4
1478075535797325, 21278640, ext4
1478075535801915, 182902, ext4
1478075535801919, 182904, ext4
1478075535801919, 182906, ext4
1478075535801920, 182908, ext4
1478075535801920, 182910, ext4
1478075535801921, 182912, ext4
1478075535801921, 182914, ext4
1478075535801962, 182916, ext4
1478075535801979, 28691056, ext4
1478075535802207, 21278648, ext4
1478075535802210, 21278656, ext4
1478075535802367, 21278664, ext4
1478075535809233, 28691072, ext4
1478075535809433, 21278672, ext4
1478075535809436, 21278680, ext4
1478075535809583, 21278688, ext4
1478075535822136, 32770, ext4
1478075535822295, 34818, ext4
1478075535822606, 36866, ext4
1478075535822824, 38914, ext4
1478075535823106, 40962, ext4
1478075535823256, 43010, ext4
1478075535823526, 45058, ext4
1478075535823678, 47106, ext4
1478075535831075, 182918, ext4
1478075535831081, 182920, ext4
1478075535831081, 182922, ext4
1478075535831082, 182924, ext4
1478075535831110, 182926, ext4
1478075535831295, 27475968, ext4
1478075535831417, 27478016, ext4
1478075535831545, 27480064, ext4
1478075535831652, 27482112, ext4
1478075535831760, 27484160, ext4
1478075535831864, 27486208, ext4
1478075535831982, 27488256, ext4
1478075535832107, 27490304, ext4
1478075535832114, 28819456, ext4
1478075535832116, 28691072, ext4
1478075536028855, 21278696, ext4
1478075536028861, 21278704, ext4
1478075536029079, 21278712, ext4
1478075536056170, 28691080, ext4
1478075536056337, 21278720, ext4
1478075536056339, 21278728, ext4
1478075536056628, 21278736, ext4
1478075536068559, 32770, ext4
1478075536068749, 34818, ext4
1478075536068923, 36866, ext4
1478075536069063, 38914, ext4
1478075536069217, 40962, ext4
1478075536069370, 43010, ext4
1478075536069500, 45058, ext4
1478075536069637, 47106, ext4
1478075536075827, 182928, ext4
1478075536075832, 182930, ext4
1478075536075847, 182932, ext4
1478075536075996, 27475968, ext4
1478075536076112, 27478016, ext4
1478075536076218, 27480064, ext4
1478075536076366, 27482112, ext4
1478075536076489, 27484160, ext4
1478075536076605, 27486208, ext4
1478075536076717, 27488256, ext4
1478075536076850, 27490304, ext4
1478075536076857, 28819456, ext4
1478075536076859, 28691088, ext4
1478075536272064, 21278744, ext4
1478075536272068, 21278752, ext4
1478075536272281, 21278760, ext4
1478075536301503, 28691088, ext4
1478075536301806, 21278768, ext4
1478075536301811, 21278776, ext4
1478075536302033, 21278784, ext4
1478075536308574, 12605880, ext4
1478075536312204, 182934, ext4
1478075536312209, 182936, ext4
1478075536312210, 182938, ext4
1478075536312211, 182940, ext4
1478075536312212, 182942, ext4
1478075536312212, 182944, ext4
1478075536312214, 182946, ext4
1478075536312215, 182948, ext4
1478075536312310, 182950, ext4
1478075536312340, 28691088, ext4
1478075536314010, 21278792, ext4
1478075536314019, 21278800, ext4
1478075536314219, 21278808, ext4
1478075536317624, 28691104, ext4
1478075536317900, 21278816, ext4
1478075536317904, 21278824, ext4
1478075536318104, 21278832, ext4
1478075536331865, 12605880, ext4
1478075536331945, 2, ext4
1478075536331951, 4, ext4
1478075536331954, 522, ext4
1478075536331958, 550, ext4
1478075536331960, 582, ext4
1478075536331964, 584, ext4
1478075536331967, 8582, ext4
1478075536332249, 28786688, ext4
1478075536332254, 28787208, ext4
1478075536332256, 28787232, ext4
1478075536332257, 28787264, ext4
1478075536332260, 28795264, ext4
1478075536335865, 21278840, ext4
1478075536335875, 21278848, ext4
1478075536336139, 21278856, ext4
1478075536347116, 12605880, ext4
1478075536348207, 182952, ext4
1478075536348213, 182954, ext4
1478075536348215, 182956, ext4
1478075536348216, 182958, ext4
1478075536348217, 182960, ext4
1478075536348218, 182962, ext4
1478075536348218, 182964, ext4
1478075536348286, 182966, ext4
1478075536348342, 28691112, ext4
1478075536348622, 21278864, ext4
1478075536348627, 21278872, ext4
1478075536349303, 21278880, ext4
1478075536352865, 28691120, ext4
1478075536353097, 21278888, ext4
1478075536353099, 21278896, ext4
1478075536353276, 21278904, ext4
1478075536410513, 32770, ext4
1478075536410797, 34818, ext4
1478075536411265, 36866, ext4
1478075536411525, 38914, ext4
1478075536411974, 40962, ext4
1478075536412196, 43010, ext4
1478075536412611, 45058, ext4
1478075536412869, 47106, ext4
1478075536422317, 182968, ext4
1478075536422323, 182970, ext4
1478075536422326, 182972, ext4
1478075536422327, 182974, ext4
1478075536422396, 182976, ext4
1478075536422594, 27475968, ext4
1478075536422755, 27478016, ext4
1478075536422880, 27480064, ext4
1478075536423022, 27482112, ext4
1478075536423153, 27484160, ext4
1478075536423307, 27486208, ext4
1478075536423460, 27488256, ext4
1478075536423644, 27490304, ext4
1478075536423652, 28819456, ext4
1478075536423654, 28691128, ext4
1478075536595090, 21278912, ext4
1478075536595095, 21278920, ext4
1478075536595305, 21278928, ext4
1478075536646869, 28691136, ext4
1478075536647102, 21278936, ext4
1478075536647105, 21278944, ext4
1478075536647305, 21278952, ext4
1478075536655102, 32770, ext4
1478075536655258, 34818, ext4
1478075536655398, 36866, ext4
1478075536655586, 38914, ext4
1478075536655742, 40962, ext4
1478075536655877, 43010, ext4
1478075536656027, 45058, ext4
1478075536656160, 47106, ext4
1478075536663723, 27475968, ext4
1478075536663842, 27478016, ext4
1478075536663952, 27480064, ext4
1478075536664077, 27482112, ext4
1478075536664190, 27484160, ext4
1478075536664297, 27486208, ext4
1478075536664406, 27488256, ext4
1478075536664527, 27490304, ext4
1478075536664535, 28819456, ext4
1478075536936054, 21278960, ext4
1478075536936060, 21278968, ext4
1478075536936292, 21278976, ext4
1478075536997313, 12605880, ext4
1478075537000386, 182978, ext4
1478075537000391, 182980, ext4
1478075537000392, 182982, ext4
1478075537000393, 182984, ext4
1478075537000394, 182986, ext4
1478075537000395, 182988, ext4
1478075537000395, 182990, ext4
1478075537000396, 182992, ext4
1478075537016626, 182994, ext4
1478075537016657, 28691136, ext4
1478075537046903, 21278984, ext4
1478075537046909, 21278992, ext4
1478075537046910, 21279000, ext4
1478075537047139, 21279008, ext4
1478075537050295, 28691152, ext4
1478075537050562, 21279016, ext4
1478075537050564, 21279024, ext4
1478075537050785, 21279032, ext4
1478075537054113, 12605880, ext4
1478075537054118, 16779840, ext4
1478075537054173, 2, ext4
1478075537054175, 4, ext4
1478075537054177, 522, ext4
1478075537054178, 550, ext4
1478075537054180, 582, ext4
1478075537054182, 584, ext4
1478075537054183, 8582, ext4
1478075537054327, 6131840, ext4
1478075537054332, 28786688, ext4
1478075537054334, 28787208, ext4
1478075537054335, 28787232, ext4
1478075537054337, 28787264, ext4
1478075537054338, 28795264, ext4
1478075537079560, 21279040, ext4
1478075537079566, 21279048, ext4
1478075537079806, 21279056, ext4
1478075537084510, 12605880, ext4
1478075537084890, 182996, ext4
1478075537084894, 182998, ext4
1478075537084894, 183000, ext4
1478075537084895, 183002, ext4
1478075537084895, 183004, ext4
1478075537084896, 183006, ext4
1478075537084896, 183008, ext4
1478075537084932, 183010, ext4
1478075537084946, 28691152, ext4
1478075537085120, 21279064, ext4
1478075537085121, 21279072, ext4
1478075537085251, 21279080, ext4
1478075537093574, 28691168, ext4
1478075537093760, 21279088, ext4
1478075537093763, 21279096, ext4
1478075537093907, 21279104, ext4
1478075537105122, 32770, ext4
1478075537105281, 34818, ext4
1478075537105767, 36866, ext4
1478075537105941, 38914, ext4
1478075537106206, 40962, ext4
1478075537106354, 43010, ext4
1478075537106625, 45058, ext4
1478075537106772, 47106, ext4
1478075537114534, 183012, ext4
1478075537114538, 183014, ext4
1478075537114539, 183016, ext4
1478075537114540, 183018, ext4
1478075537114572, 183020, ext4
1478075537114816, 27475968, ext4
1478075537114969, 27478016, ext4
1478075537115082, 27480064, ext4
1478075537115189, 27482112, ext4
1478075537115294, 27484160, ext4
1478075537115416, 27486208, ext4
1478075537115524, 27488256, ext4
1478075537115630, 27490304, ext4
1478075537115636, 28819456, ext4
1478075537115638, 28691168, ext4
1478075537312827, 21279112, ext4
1478075537312831, 21279120, ext4
1478075537313041, 21279128, ext4
1478075537339892, 28691176, ext4
1478075537340123, 21279136, ext4
1478075537340126, 21279144, ext4
1478075537340316, 21279152, ext4
1478075537353249, 32770, ext4
1478075537353424, 34818, ext4
1478075537353563, 36866, ext4
1478075537353718, 38914, ext4
1478075537353853, 40962, ext4
1478075537353985, 43010, ext4
1478075537354117, 45058, ext4
1478075537354314, 47106, ext4
1478075537362369, 27475968, ext4
1478075537362535, 27478016, ext4
1478075537362715, 27480064, ext4
1478075537362875, 27482112, ext4
1478075537363033, 27484160, ext4
1478075537363206, 27486208, ext4
1478075537363367, 27488256, ext4
1478075537363525, 27490304, ext4
1478075537363535, 28819456, ext4
1478075537566752, 21279160, ext4
1478075537566757, 21279168, ext4
1478075537566975, 21279176, ext4
1478075537620473, 12605880, ext4
1478075537624773, 183022, ext4
1478075537624778, 183024, ext4
1478075537624778, 183026, ext4
1478075537624779, 183028, ext4
1478075537624779, 183030, ext4
1478075537624780, 183032, ext4
1478075537624780, 183034, ext4
1478075537624781, 183036, ext4
1478075537624997, 183038, ext4
1478075537625073, 28691176, ext4
1478075537644778, 21279184, ext4
1478075537644785, 21279192, ext4
1478075537644968, 21279200, ext4
1478075537648032, 28691192, ext4
1478075537648330, 21279208, ext4
1478075537648335, 21279216, ext4
1478075537648629, 21279224, ext4
1478075537652382, 12605880, ext4
1478075537652425, 2, ext4
1478075537652428, 4, ext4
1478075537652430, 522, ext4
1478075537652431, 550, ext4
1478075537652433, 582, ext4
1478075537652434, 584, ext4
1478075537652435, 8582, ext4
1478075537652610, 28786688, ext4
1478075537652613, 28787208, ext4
1478075537652615, 28787232, ext4
1478075537652616, 28787264, ext4
1478075537652618, 28795264, ext4
1478075537654736, 21279232, ext4
1478075537654740, 21279240, ext4
1478075537654949, 21279248, ext4
1478075537666746, 12605880, ext4
1478075537667081, 183040, ext4
1478075537667085, 183042, ext4
1478075537667085, 183044, ext4
1478075537667086, 183046, ext4
1478075537667087, 183048, ext4
1478075537667088, 183050, ext4
1478075537667088, 183052, ext4
1478075537667198, 183054, ext4
1478075537667245, 28691200, ext4
1478075537667677, 21279256, ext4
1478075537667681, 21279264, ext4
1478075537667843, 21279272, ext4
1478075537670574, 28691208, ext4
1478075537670794, 21279280, ext4
1478075537670798, 21279288, ext4
1478075537670951, 21279296, ext4
1478075537687291, 32770, ext4
1478075537687481, 34818, ext4
1478075537687781, 36866, ext4
1478075537687967, 38914, ext4
1478075537688273, 40962, ext4
1478075537691660, 43010, ext4
1478075537692022, 45058, ext4
1478075537692180, 47106, ext4
1478075537698493, 183056, ext4
1478075537698499, 183058, ext4
1478075537698500, 183060, ext4
1478075537698500, 183062, ext4
1478075537698581, 183064, ext4
1478075537698753, 27475968, ext4
1478075537698872, 27478016, ext4
1478075537699040, 27480064, ext4
1478075537699154, 27482112, ext4
1478075537699262, 27484160, ext4
1478075537699390, 27486208, ext4
1478075537699510, 27488256, ext4
1478075537699618, 27490304, ext4
1478075537699625, 28819456, ext4
1478075537699627, 28691216, ext4
1478075537870719, 21279304, ext4
1478075537870727, 21279312, ext4
1478075537870971, 21279320, ext4
1478075537898091, 28691224, ext4
1478075537898326, 21279328, ext4
1478075537898331, 21279336, ext4
1478075537898523, 21279344, ext4
1478075543174416, 183066, ext4
1478075543174431, 183068, ext4
1478075543174435, 183070, ext4
1478075543174435, 183072, ext4
1478075543174436, 183074, ext4
1478075543174437, 183076, ext4
1478075543174438, 183078, ext4
1478075543174439, 183080, ext4
1478075543174639, 183082, ext4
1478075543174699, 28691224, ext4
1478075543174968, 21279352, ext4
1478075543174972, 21279360, ext4
1478075543175179, 21279368, ext4
1478075543190089, 28691240, ext4
1478075543190362, 21279376, ext4
1478075543190368, 21279384, ext4
1478075543190542, 21279392, ext4
